{
    "products": [
        {
            "id": 1,
            "title": "It Ends with Us: A Novel",
            "description": "by Colleen Hoover ",
            "price": 19,
            "color": "#33505a",
            "image": "https://m.media-amazon.com/images/W/WEBP_402378-T1/images/I/8133BQUVrEL.__AC_SX300_SY300_QL70_FMwebp_.jpg"
        },
        {
            "id": 2,
            "title": "Rich Dad Poor Dad",
            "description": "by Robert T. Kiyosaki",
            "price": 20,
            "color": "#00ac51",
            "image": "https://i.gr-assets.com/images/S/compressed.photo.goodreads.com/books/1590522901l/53491356._SY475_.jpg"
        },
        {
            "id": 3,
            "title": "Bhagavad Gita",
            "description": "Bhagavad Gita as It is Original in English",
            "price": 25,
            "color": "#e0bfae",
            "image": "https://images-na.ssl-images-amazon.com/images/I/518aPMbn8uL._SX292_BO1,204,203,200_.jpg"
        },
        {
            "id": 4,
            "title": "Steve Jobs: The Exclusive Biography",
            "description": "by Walter Isaacson",
            "price": 22,
            "color": "#544ee4",
            "image": "https://images-na.ssl-images-amazon.com/images/I/41ZlN7iry-L._SX317_BO1,204,203,200_.jpg"
        },
        {
            "id": 5,
            "title": "Cristiano Ronaldo: The Biography",
            "description": "by Guillem Balague",
            "price": 20,
            "color": "#e3e4e9",
            "image": "https://images-na.ssl-images-amazon.com/images/I/51g64SWvgpL._SX322_BO1,204,203,200_.jpg"
        },
        {
            "id": 6,
            "title": "Introduction to Algorithms",
            "description": "3rd Edition (The MIT Press)",
            "price": 79,
            "color": "#f73984",
            "image": "https://images-na.ssl-images-amazon.com/images/I/41T0iBxY8FL._SX440_BO1,204,203,200_.jpg"
        },
        {
            "id": 7,
            "title": "Half Girlfriend: Movie Tie-In Edition",
            "description": "by Chetan Bhagat",
            "price": 10,
            "color": "#1c1c1c",
            "image": "https://images-na.ssl-images-amazon.com/images/I/51AYpGe-UcL._SX325_BO1,204,203,200_.jpg"
        },
        {
            "id": 8,
            "title": "Tim Cook",
            "description": "The Genius Who Took Apple to the Next Level",
            "price": 20,
            "color": "#7c95eb",
            "image": "https://m.media-amazon.com/images/I/4133xMQHgEL.jpg"
        }
    ]
}